{"P11-2_802502.R1.clean.fastq.gz": {"total_read_num": 175591885, "splitted_read_num": 165261735, "splitted_read_rate": 0.9411695477840561, "unknown_read_num": 10330150, "unknown_read_rate": 0.0588304522159438}, "P11-2_802502.R2.clean.fastq.gz": {"total_read_num": 175591885, "splitted_read_num": 165261735, "splitted_read_rate": 0.9411695477840561, "unknown_read_num": 10330150, "unknown_read_rate": 0.0588304522159438}}