{"P11-N_L2_807507.R1.clean.fastq.gz": {"total_read_num": 89553901, "splitted_read_num": 84241074, "splitted_read_rate": 0.9406745329832142, "unknown_read_num": 5312827, "unknown_read_rate": 0.05932546701678579}, "P11-N_L2_807507.R2.clean.fastq.gz": {"total_read_num": 89553901, "splitted_read_num": 84241074, "splitted_read_rate": 0.9406745329832142, "unknown_read_num": 5312827, "unknown_read_rate": 0.05932546701678579}}