{"P11-1_801501.R1.clean.fastq.gz": {"total_read_num": 36130650, "splitted_read_num": 34101365, "splitted_read_rate": 0.9438348050754691, "unknown_read_num": 2029285, "unknown_read_rate": 0.056165194924530835}, "P11-1_801501.R2.clean.fastq.gz": {"total_read_num": 36130650, "splitted_read_num": 34101365, "splitted_read_rate": 0.9438348050754691, "unknown_read_num": 2029285, "unknown_read_rate": 0.056165194924530835}}