{"P12_L3_803503.R1.clean.fastq.gz": {"total_read_num": 52453295, "splitted_read_num": 49961350, "splitted_read_rate": 0.9524921170347831, "unknown_read_num": 2491945, "unknown_read_rate": 0.04750788296521696}, "P12_L3_803503.R2.clean.fastq.gz": {"total_read_num": 52453295, "splitted_read_num": 49961350, "splitted_read_rate": 0.9524921170347831, "unknown_read_num": 2491945, "unknown_read_rate": 0.04750788296521696}}