{"P13_L3_804504.R1.clean.fastq.gz": {"total_read_num": 406494372, "splitted_read_num": 377408530, "splitted_read_rate": 0.9284471225102227, "unknown_read_num": 906025, "unknown_read_rate": 0.0022288746472484988}, "P13_L3_804504.R2.clean.fastq.gz": {"total_read_num": 406494372, "splitted_read_num": 377408530, "splitted_read_rate": 0.9284471225102227, "unknown_read_num": 906025, "unknown_read_rate": 0.0022288746472484988}}