{"P14_L3_805505.R1.clean.fastq.gz": {"total_read_num": 88198315, "splitted_read_num": 83714140, "splitted_read_rate": 0.9491580423050032, "unknown_read_num": 196484, "unknown_read_rate": 0.0022277523102340446}, "P14_L3_805505.R2.clean.fastq.gz": {"total_read_num": 88198315, "splitted_read_num": 83714140, "splitted_read_rate": 0.9491580423050032, "unknown_read_num": 196484, "unknown_read_rate": 0.0022277523102340446}}