{"P15_L3_806506.R1.clean.fastq.gz": {"total_read_num": 84831200, "splitted_read_num": 77971478, "splitted_read_rate": 0.9191368034402437, "unknown_read_num": 186969, "unknown_read_rate": 0.0022040122030573656}, "P15_L3_806506.R2.clean.fastq.gz": {"total_read_num": 84831200, "splitted_read_num": 77971478, "splitted_read_rate": 0.9191368034402437, "unknown_read_num": 186969, "unknown_read_rate": 0.0022040122030573656}}