{"P2-N_L3_808508.R1.clean.fastq.gz": {"total_read_num": 85093129, "splitted_read_num": 78972214, "splitted_read_rate": 0.9280680464811677, "unknown_read_num": 6120915, "unknown_read_rate": 0.07193195351883229}, "P2-N_L3_808508.R2.clean.fastq.gz": {"total_read_num": 85093129, "splitted_read_num": 78972214, "splitted_read_rate": 0.9280680464811677, "unknown_read_num": 6120915, "unknown_read_rate": 0.07193195351883229}}